AÃ±o,Mes,URL
2020,11,https://violenciagenero.igualdad.gob.es/sensibilizacionConcienciacion/campannas/violenciaGobierno/LaViolenciaQueNoVes/home.htm
2021,11,https://violenciagenero.igualdad.gob.es/sensibilizacionConcienciacion/campannas/violenciaGobierno/Juntas/vgenero.htm
2021,11,https://violenciagenero.igualdad.gob.es/sensibilizacionConcienciacion/campannas/violenciaGobierno/BuenosTratos/vgenero.htm
2021,10,https://violenciagenero.igualdad.gob.es/sensibilizacionConcienciacion/campannas/violenciaGobierno/CeroDieciseis/vgenero.htm
2021,5,https://violenciagenero.igualdad.gob.es/sensibilizacionConcienciacion/campannas/violenciaGobierno/ElSexoEsunSi/home.htm
2021,4,https://violenciagenero.igualdad.gob.es/sensibilizacionConcienciacion/campannas/violenciaGobierno/MachismoEsViolencia/home.htm
2021,3,https://www.mitele.es/programas-tv/rocio-contar-la-verdad-para-seguir-viva/
2022,11,https://violenciagenero.igualdad.gob.es/sensibilizacionConcienciacion/campannas/violenciaGobierno/entoncesqui/vgenero.htm
2022,8,https://violenciagenero.igualdad.gob.es/sensibilizacionConcienciacion/campannas/violenciaGobierno/vivas_libres/vgenero.htm
2023,7,https://violenciagenero.igualdad.gob.es/sensibilizacionConcienciacion/campannas/violenciaGobierno/ESTARVIVAESPA/vgeneroImg.htm
